abstracts,insert time (sec.),insert rate (abstracts/sec.),insert strategy,replicate
10000,5.453172206878662,1833.7950133659715,execute_many,1
10000,5.947764158248901,1681.3040554291465,execute_many,2
10000,5.59820556640625,1786.2866737170332,execute_many,3
10000,5.66377592086792,1765.6065740799284,execute_many,4
10000,5.817117929458618,1719.064341013054,execute_many,5
10000,5.758445739746094,1736.579704307664,execute_many,6
10000,5.734410047531128,1743.8585516404366,execute_many,7
10000,5.860344886779785,1706.384213420402,execute_many,8
10000,5.61588454246521,1780.6633887117434,execute_many,9
10000,5.732469320297241,1744.4489348756738,execute_many,10
10000,5.837826728820801,1712.9662226237276,execute_many,11
10000,5.760289669036865,1736.0238068847025,execute_many,12
10000,5.8055925369262695,1722.4770661039934,execute_many,13
10000,5.722676992416382,1747.4339392651152,execute_many,14
10000,5.713768243789673,1750.158489691817,execute_many,15
10000,5.483578205108643,1823.6267681354016,execute_many,16
10000,5.653747797012329,1768.7382527541126,execute_many,17
10000,5.594709873199463,1787.4027834585945,execute_many,18
10000,5.5046868324279785,1816.6337712602,execute_many,19
10000,5.487928628921509,1822.181131747919,execute_many,20
10000,5.719339847564697,1748.4535394863822,execute_many,21
10000,5.362142324447632,1864.9262542709785,execute_many,22
10000,5.448233366012573,1835.4573543751765,execute_many,23
10000,5.624310255050659,1777.995797977174,execute_many,24
10000,5.545891284942627,1803.1366801492309,execute_many,25
10000,5.602138042449951,1785.0327721711683,execute_many,26
10000,5.894684553146362,1696.4436196441377,execute_many,27
10000,5.7058093547821045,1752.5997414580431,execute_many,28
10000,5.78331470489502,1729.1121978086308,execute_many,29
10000,5.810399770736694,1721.0519748337576,execute_many,30
10000,5.684330940246582,1759.221992019734,execute_many,31
10000,5.636413812637329,1774.1777542271882,execute_many,32
10000,5.914764404296875,1690.684415550912,execute_many,33
10000,5.757120609283447,1736.979417084791,execute_many,34
10000,5.893874168395996,1696.6768740367384,execute_many,35
10000,5.629580497741699,1776.331292182693,execute_many,36
10000,5.582185506820679,1791.4130563703673,execute_many,37
10000,5.512292385101318,1814.1272816057624,execute_many,38
10000,5.767668008804321,1733.802983239507,execute_many,39
10000,5.52136492729187,1811.146361757476,execute_many,40
10000,5.337541818618774,1873.521620967413,execute_many,41
10000,5.695974349975586,1755.6258834000653,execute_many,42
10000,5.697935581207275,1755.0215964149609,execute_many,43
10000,5.666534423828125,1764.747066204943,execute_many,44
10000,5.451339244842529,1834.411609855491,execute_many,45
10000,5.697683572769165,1755.0992209874232,execute_many,46
10000,5.859090328216553,1706.7495873619512,execute_many,47
10000,5.792424440383911,1726.3928261681767,execute_many,48
10000,5.700149774551392,1754.3398674619934,execute_many,49
10000,5.763622522354126,1735.0199394938072,execute_many,50
200000,112.55796337127686,1776.86228508144,execute_many,1
200000,110.10445380210876,1816.456946959302,execute_many,2
200000,110.307785987854,1813.108641506249,execute_many,3
200000,110.12801098823547,1816.0683935476247,execute_many,4
200000,111.2179856300354,1798.270296544449,execute_many,5
200000,112.60552883148192,1776.111724490073,execute_many,6
200000,112.35314917564392,1780.101416537386,execute_many,7
200000,112.07130932807922,1784.5780619419463,execute_many,8
200000,111.5026032924652,1793.6800944047106,execute_many,9
200000,112.0024573802948,1785.6751064033983,execute_many,10
200000,109.64260363578796,1824.1084520791048,execute_many,11
200000,108.96824717521667,1835.397055423016,execute_many,12
200000,108.97582745552064,1835.2693865218105,execute_many,13
200000,108.50728678703308,1843.194184668348,execute_many,14
200000,107.30422759056091,1863.859462864193,execute_many,15
200000,107.38070011138916,1862.532091824081,execute_many,16
200000,109.87597012519836,1820.2342129230767,execute_many,17
200000,113.77831959724426,1757.8041291870516,execute_many,18
200000,108.16114735603333,1849.092810948661,execute_many,19
200000,110.16834592819214,1815.4034928541112,execute_many,20
200000,108.45688271522522,1844.050787676972,execute_many,21
200000,113.51332187652588,1761.9077364113264,execute_many,22
200000,112.64362454414368,1775.5110491994371,execute_many,23
200000,111.90443682670592,1787.2392343988822,execute_many,24
200000,111.4976887702942,1793.7591550622803,execute_many,25
200000,111.25790691375732,1797.6250456970397,execute_many,26
200000,112.60891819000244,1776.0582662071631,execute_many,27
200000,110.73786425590517,1806.0669793831144,execute_many,28
200000,112.85903406143188,1772.1222023851028,execute_many,29
200000,99.00333499908449,2020.133968232984,execute_many,30
200000,111.25474071502686,1797.6762043092567,execute_many,31
200000,112.00050020217896,1785.7063105876114,execute_many,32
200000,112.06504583358765,1784.677804861584,execute_many,33
200000,112.02372527122498,1785.3360930086217,execute_many,34
200000,110.56052708625792,1808.9638795224128,execute_many,35
200000,114.13274383544922,1752.3454994506203,execute_many,36
200000,112.38950157165527,1779.525642548451,execute_many,37
200000,111.9584140777588,1786.3775728467665,execute_many,38
200000,110.67286252975464,1807.1277405175056,execute_many,39
200000,110.86235308647156,1804.0389224284456,execute_many,40
200000,113.69461584091188,1759.0982521094195,execute_many,41
200000,111.86103200912476,1787.9327269543298,execute_many,42
200000,111.61566472053528,1791.8631806813366,execute_many,43
200000,113.36833715438844,1764.1610084448355,execute_many,44
200000,112.54487824440002,1777.0688735002611,execute_many,45
200000,108.6417200565338,1840.9134160976664,execute_many,46
200000,112.522234916687,1777.4264806247645,execute_many,47
200000,112.18291997909546,1782.8025873927036,execute_many,48
200000,110.32385325431824,1812.8445852861987,execute_many,49
200000,110.476811170578,1810.3346564845788,execute_many,50
400000,222.10666513443,1800.9364993972613,execute_many,1
400000,223.337189912796,1791.0138484154097,execute_many,2
400000,221.5226798057556,1805.684187058156,execute_many,3
400000,220.87373447418213,1810.989436803116,execute_many,4
400000,223.1982200145721,1792.128987291587,execute_many,5
400000,221.75932240486145,1803.7573151929469,execute_many,6
400000,223.240727186203,1791.7877487756243,execute_many,7
400000,223.13408970832825,1792.6440577630412,execute_many,8
400000,223.2281119823456,1791.8890073828818,execute_many,9
400000,221.04939317703247,1809.5503192793244,execute_many,10
400000,221.6613819599152,1804.554300181776,execute_many,11
400000,217.2889232635498,1840.8669617955625,execute_many,12
400000,226.47549033164967,1766.195535835872,execute_many,13
400000,220.2217116355896,1816.3513353392573,execute_many,14
400000,223.12483286857605,1792.7184296676028,execute_many,15
400000,223.09622192382807,1792.9483365996768,execute_many,16
400000,221.2374656200409,1808.0120330386112,execute_many,17
400000,226.51497149467468,1765.88769104564,execute_many,18
400000,221.5978934764862,1805.071310582851,execute_many,19
400000,222.95530891418457,1794.0815222029985,execute_many,20
400000,221.60375237464905,1805.0235869821809,execute_many,21
400000,223.15150260925293,1792.5041746208435,execute_many,22
400000,224.13470840454104,1784.6410439834222,execute_many,23
400000,222.0709328651428,1801.2262786454285,execute_many,24
400000,223.03594970703125,1793.432854772604,execute_many,25
400000,224.3078346252441,1783.2636147920937,execute_many,26
400000,219.86559224128723,1819.293305161764,execute_many,27
400000,223.1422836780548,1792.5782303864555,execute_many,28
400000,224.9789335727692,1777.9442441468436,execute_many,29
400000,223.78662872314453,1787.4168902863994,execute_many,30
400000,221.67070841789248,1804.478376303657,execute_many,31
400000,223.9700002670288,1785.9534737826448,execute_many,32
400000,224.272698879242,1783.5429902922656,execute_many,33
400000,225.0078103542328,1777.7160684790215,execute_many,34
400000,223.4144139289856,1790.3947778729437,execute_many,35
400000,226.37491965293884,1766.9801964513126,execute_many,36
400000,225.0912582874298,1777.0570169776245,execute_many,37
400000,220.4551157951355,1814.428295561587,execute_many,38
400000,223.19708704948425,1792.1380842722083,execute_many,39
400000,222.6706259250641,1796.3752440998348,execute_many,40
400000,223.61548733711243,1788.7848680041486,execute_many,41
400000,223.706228017807,1788.0592934058143,execute_many,42
400000,222.6446273326873,1796.585009896955,execute_many,43
400000,218.40512561798096,1831.458849091537,execute_many,44
400000,222.48044562339783,1797.9108180909398,execute_many,45
400000,222.74115419387817,1795.8064437963374,execute_many,46
400000,220.38610935211184,1814.996422305901,execute_many,47
400000,222.5430309772492,1797.4051950469411,execute_many,48
400000,223.81195640563965,1787.214617234456,execute_many,49
400000,224.30310082435608,1783.3012496480198,execute_many,50
10000,0.3698546886444092,27037.6456133407,execute_batch,1
10000,0.3914210796356201,25547.934233151555,execute_batch,2
10000,0.3960044384002685,25252.242223336703,execute_batch,3
10000,0.3883697986602783,25748.655107827723,execute_batch,4
10000,0.4226894378662109,23658.03141540808,execute_batch,5
10000,0.3909385204315185,25579.46960294929,execute_batch,6
10000,0.4469070434570312,22376.0178909811,execute_batch,7
10000,0.3486654758453369,28680.786291659857,execute_batch,8
10000,0.365164041519165,27384.95268701085,execute_batch,9
10000,0.3877859115600586,25787.424715276804,execute_batch,10
10000,0.4071278572082519,24562.30843197952,execute_batch,11
10000,0.437258243560791,22869.780380960896,execute_batch,12
10000,0.3457515239715576,28922.504477008828,execute_batch,13
10000,0.3461678028106689,28887.72415807065,execute_batch,14
10000,0.4186687469482422,23885.23163692524,execute_batch,15
10000,0.3538589477539062,28259.84778249714,execute_batch,16
10000,0.3410751819610595,29319.049080333545,execute_batch,17
10000,0.4220795631408691,23692.215575627142,execute_batch,18
10000,0.3759875297546386,26596.626772504354,execute_batch,19
10000,0.3452777862548828,28962.187543157022,execute_batch,20
10000,0.4363167285919189,22919.13040389717,execute_batch,21
10000,0.3800380229949951,26313.15656573578,execute_batch,22
10000,0.4404926300048828,22701.85542012168,execute_batch,23
10000,0.3486387729644775,28682.98300550436,execute_batch,24
10000,0.4050800800323486,24686.47680528113,execute_batch,25
10000,0.3666675090789795,27272.66461410416,execute_batch,26
10000,0.4069006443023681,24576.02400002344,execute_batch,27
10000,0.3468453884124756,28831.29006203709,execute_batch,28
10000,0.3922927379608154,25491.167774303434,execute_batch,29
10000,0.3520023822784424,28408.898642310207,execute_batch,30
10000,0.3680157661437988,27172.748887319656,execute_batch,31
10000,0.3753037452697754,26645.08448433365,execute_batch,32
10000,0.3986654281616211,25083.68996557672,execute_batch,33
10000,0.3593733310699463,27826.21618089312,execute_batch,34
10000,0.4696261882781982,21293.53142903559,execute_batch,35
10000,0.3400971889495849,29403.35975985492,execute_batch,36
10000,0.3888792991638183,25714.919826029167,execute_batch,37
10000,0.3749847412109375,26667.75178026449,execute_batch,38
10000,0.3622219562530517,27607.382234482506,execute_batch,39
10000,0.4166805744171142,23999.19894031247,execute_batch,40
10000,0.3835372924804687,26073.08388534145,execute_batch,41
10000,0.3634071350097656,27517.34634965622,execute_batch,42
10000,0.3370294570922851,29670.996969448304,execute_batch,43
10000,0.5199589729309082,19232.28662375405,execute_batch,44
10000,0.4196796417236328,23827.698572486854,execute_batch,45
10000,0.3804013729095459,26288.02289411784,execute_batch,46
10000,0.4669241905212402,21416.75287552938,execute_batch,47
10000,0.5210931301116943,19190.42762635642,execute_batch,48
10000,0.5067737102508545,19732.67317882368,execute_batch,49
10000,0.4437935352325439,22533.00060975446,execute_batch,50
200000,6.124468088150024,32655.897152435424,execute_batch,1
200000,6.1427834033966064,32558.53037068041,execute_batch,2
200000,6.387311697006226,31312.07767639417,execute_batch,3
200000,6.306466579437256,31713.47972446507,execute_batch,4
200000,6.095530033111572,32810.928485886965,execute_batch,5
200000,6.1699302196502686,32415.277463435665,execute_batch,6
200000,6.077917575836182,32906.00728037754,execute_batch,7
200000,6.397412538528442,31262.63919912921,execute_batch,8
200000,6.14296555519104,32557.56494206489,execute_batch,9
200000,6.438531875610352,31062.982037506907,execute_batch,10
200000,6.204757928848267,32233.32840595188,execute_batch,11
200000,6.102801561355591,32771.83404855373,execute_batch,12
200000,6.087266445159912,32855.46998834318,execute_batch,13
200000,6.275842666625977,31868.23039136577,execute_batch,14
200000,6.138653755187988,32580.43342662438,execute_batch,15
200000,6.276504278182983,31864.871134589423,execute_batch,16
200000,6.264544248580933,31925.70633455175,execute_batch,17
200000,6.2088024616241455,32212.330998799804,execute_batch,18
200000,6.144576549530029,32549.02895062754,execute_batch,19
200000,6.194175958633423,32288.39499162768,execute_batch,20
200000,6.1371910572052,32588.198434069527,execute_batch,21
200000,6.088431596755981,32849.18239149855,execute_batch,22
200000,6.15164589881897,32511.6242530145,execute_batch,23
200000,6.35696268081665,31461.56585180816,execute_batch,24
200000,6.2068610191345215,32222.406685672464,execute_batch,25
200000,6.411401271820068,31194.42872481822,execute_batch,26
200000,6.249647855758667,32001.80308010671,execute_batch,27
200000,6.19210147857666,32299.212261290777,execute_batch,28
200000,6.330832958221436,31591.41953670933,execute_batch,29
200000,6.730233907699585,29716.64918973977,execute_batch,30
200000,6.1431028842926025,32556.83711750672,execute_batch,31
200000,6.712828159332275,29793.701738358515,execute_batch,32
200000,6.145496845245361,32544.154693486777,execute_batch,33
200000,6.29288387298584,31781.930834376617,execute_batch,34
200000,6.238269805908203,32060.17152553774,execute_batch,35
200000,6.212989091873169,32190.62468041474,execute_batch,36
200000,6.472840309143066,30898.33681166125,execute_batch,37
200000,6.146867275238037,32536.899048671097,execute_batch,38
200000,6.230816841125488,32098.52016190441,execute_batch,39
200000,6.199219703674316,32262.12484152784,execute_batch,40
200000,6.367352485656738,31410.22904739845,execute_batch,41
200000,6.201507091522217,32250.225154690288,execute_batch,42
200000,6.169110536575317,32419.58444645195,execute_batch,43
200000,6.322059392929077,31635.261165640182,execute_batch,44
200000,6.276216745376587,31866.330962411583,execute_batch,45
200000,6.279343128204346,31850.46523444124,execute_batch,46
200000,6.246057510375977,32020.19828792149,execute_batch,47
200000,6.21648383140564,32172.527979498824,execute_batch,48
200000,6.234294652938843,32080.61394815853,execute_batch,49
200000,6.292313575744629,31784.81135634314,execute_batch,50
400000,12.38395929336548,32299.847772779263,execute_batch,1
400000,12.362507820129396,32355.8945983998,execute_batch,2
400000,12.248945951461792,32655.871091688823,execute_batch,3
400000,12.35883331298828,32365.51459753305,execute_batch,4
400000,12.147989749908447,32927.25860284946,execute_batch,5
400000,12.36953330039978,32337.517534883234,execute_batch,6
400000,12.488159894943236,32030.339406686315,execute_batch,7
400000,12.369275569915771,32338.19133053108,execute_batch,8
400000,12.478667974472046,32054.703339995183,execute_batch,9
400000,12.325644254684448,32452.664683063296,execute_batch,10
400000,12.408748626708984,32235.32138760772,execute_batch,11
400000,12.151460886001589,32917.85273824958,execute_batch,12
400000,12.231692790985107,32701.9331530959,execute_batch,13
400000,12.265968322753906,32610.55217776672,execute_batch,14
400000,12.20440936088562,32775.03959199987,execute_batch,15
400000,12.155274391174316,32907.52533652646,execute_batch,16
400000,12.184335470199583,32829.03700233131,execute_batch,17
400000,12.18231725692749,32834.47570473832,execute_batch,18
400000,12.142577171325684,32941.93599564576,execute_batch,19
400000,12.13635516166687,32958.82451293243,execute_batch,20
400000,12.19064474105835,32812.04632703236,execute_batch,21
400000,12.428250074386597,32184.740217318344,execute_batch,22
400000,12.332726001739502,32434.02958466611,execute_batch,23
400000,12.3616464138031,32358.149279642654,execute_batch,24
400000,12.157837390899658,32900.58808480253,execute_batch,25
400000,12.36088728904724,32360.13650528412,execute_batch,26
400000,12.95036268234253,30887.165850991125,execute_batch,27
400000,12.088223695755005,33090.05607999024,execute_batch,28
400000,12.61779761314392,31701.25344087951,execute_batch,29
400000,12.2919602394104,32541.595661652296,execute_batch,30
400000,12.276239395141602,32583.26814303593,execute_batch,31
400000,12.401390314102173,32254.44807951429,execute_batch,32
400000,12.292376279830933,32540.49427825533,execute_batch,33
400000,12.328736305236816,32444.52554558199,execute_batch,34
400000,12.323602199554443,32458.04217978262,execute_batch,35
400000,12.325469017028809,32453.12607961303,execute_batch,36
400000,12.207611083984377,32766.44359392929,execute_batch,37
400000,12.270472526550291,32598.581605924148,execute_batch,38
400000,12.348065853118896,32393.73718589032,execute_batch,39
400000,12.328376770019531,32445.471732558537,execute_batch,40
400000,12.42419958114624,32195.23297154701,execute_batch,41
400000,12.354607343673706,32376.58542056569,execute_batch,42
400000,12.306516170501707,32503.106034085104,execute_batch,43
400000,12.385620594024658,32295.515348902,execute_batch,44
400000,12.433812141418455,32170.342888449635,execute_batch,45
400000,12.359232187271118,32364.470052756475,execute_batch,46
400000,12.346277713775637,32398.42884416014,execute_batch,47
400000,12.319067001342772,32469.99143331229,execute_batch,48
400000,12.279423475265505,32574.819233632734,execute_batch,49
400000,12.277575492858888,32579.722293921583,execute_batch,50
10000,0.6100943088531494,16390.90851182979,execute_values,1
10000,0.2001528739929199,49961.810692529616,execute_values,2
10000,0.1949813365936279,51286.95994551308,execute_values,3
10000,0.1875605583190918,53316.113417551605,execute_values,4
10000,0.1752271652221679,57068.77690637262,execute_values,5
10000,0.2222974300384521,44984.77556969615,execute_values,6
10000,0.1900351047515869,52621.85643579884,execute_values,7
10000,0.2075264453887939,48186.629811276965,execute_values,8
10000,0.2254085540771484,44363.888677345385,execute_values,9
10000,0.225679874420166,44310.55283814192,execute_values,10
10000,0.191619873046875,52186.65392578436,execute_values,11
10000,0.1856353282928466,53869.056563547136,execute_values,12
10000,0.1820845603942871,54919.53836363684,execute_values,13
10000,0.1640684604644775,60950.16660539153,execute_values,14
10000,0.2785906791687011,35894.95538701953,execute_values,15
10000,0.2109813690185547,47397.55006102246,execute_values,16
10000,0.1991121768951416,50222.94545685319,execute_values,17
10000,0.2168734073638916,46109.848697221845,execute_values,18
10000,0.2372729778289795,42145.54936469737,execute_values,19
10000,0.185774564743042,53828.68216556831,execute_values,20
10000,0.238795518875122,41876.83272745789,execute_values,21
10000,0.2923398017883301,34206.76876301826,execute_values,22
10000,0.2503407001495361,39945.56216398969,execute_values,23
10000,0.2493157386779785,40109.78229062471,execute_values,24
10000,0.1863083839416504,53674.449793584616,execute_values,25
10000,0.2108693122863769,47422.73729436373,execute_values,26
10000,0.1867029666900634,53561.01286060716,execute_values,27
10000,0.3780562877655029,26451.087638575933,execute_values,28
10000,0.2589106559753418,38623.36203324278,execute_values,29
10000,0.232978343963623,42922.4443348322,execute_values,30
10000,0.2012972831726074,49677.76932898418,execute_values,31
10000,0.1881589889526367,53146.54407777029,execute_values,32
10000,0.1852781772613525,53972.89712049599,execute_values,33
10000,0.176004409790039,56816.75823878106,execute_values,34
10000,0.2075703144073486,48176.44579164336,execute_values,35
10000,0.2056713104248047,48621.26846639649,execute_values,36
10000,0.1958217620849609,51066.84718556109,execute_values,37
10000,0.2419605255126953,41329.05555073823,execute_values,38
10000,0.2621054649353027,38152.581070632645,execute_values,39
10000,0.1960821151733398,50999.04186141522,execute_values,40
10000,0.2240045070648193,44641.9589098104,execute_values,41
10000,0.15541672706604,64343.13853328527,execute_values,42
10000,0.1977190971374511,50576.80388378549,execute_values,43
10000,0.1965291500091552,50883.03694151301,execute_values,44
10000,0.1969168186187744,50782.86390234512,execute_values,45
10000,0.1891381740570068,52871.39970477863,execute_values,46
10000,0.1740853786468505,57443.07809035467,execute_values,47
10000,0.194674015045166,51367.92395061003,execute_values,48
10000,0.1743803024291992,57345.92646471717,execute_values,49
10000,0.1759819984436035,56823.99386551275,execute_values,50
200000,2.8698599338531494,69689.81225905153,execute_values,1
200000,3.118713140487671,64129.01443341023,execute_values,2
200000,3.2795250415802,60984.440571196974,execute_values,3
200000,3.033170223236084,65937.61156820944,execute_values,4
200000,3.360501527786255,59514.92607466567,execute_values,5
200000,3.063371181488037,65287.55026769224,execute_values,6
200000,2.9814584255218506,67081.26408470499,execute_values,7
200000,2.971590518951416,67304.0241326971,execute_values,8
200000,2.8922927379608154,69149.2936987451,execute_values,9
200000,2.9284045696258545,68296.57420782978,execute_values,10
200000,2.8877878189086914,69257.16587986056,execute_values,11
200000,2.967849969863892,67388.85119896145,execute_values,12
200000,3.0262928009033203,66087.45853682824,execute_values,13
200000,3.2767670154571533,61035.77064117184,execute_values,14
200000,2.940422534942627,68017.43546149987,execute_values,15
200000,2.955471992492676,67671.08621161993,execute_values,16
200000,3.086874723434448,64790.44921443412,execute_values,17
200000,3.070210695266724,65142.10907685769,execute_values,18
200000,3.122533798217773,64050.54770396803,execute_values,19
200000,3.088381290435791,64758.84328770127,execute_values,20
200000,3.0938143730163574,64645.11954704225,execute_values,21
200000,2.9860775470733643,66977.49701645182,execute_values,22
200000,2.889857530593872,69207.56400018778,execute_values,23
200000,3.0852174758911133,64825.25188673559,execute_values,24
200000,2.962465047836304,67511.34503547107,execute_values,25
200000,2.861868381500244,69884.41582179132,execute_values,26
200000,2.9509761333465576,67774.18418941593,execute_values,27
200000,2.819249391555786,70940.86837405725,execute_values,28
200000,3.006277084350586,66527.46715900404,execute_values,29
200000,3.15894627571106,63312.25115722528,execute_values,30
200000,2.8088574409484863,71203.32882841666,execute_values,31
200000,3.0120136737823486,66400.76097292386,execute_values,32
200000,3.199174642562866,62516.12442132248,execute_values,33
200000,3.00788950920105,66491.80409991975,execute_values,34
200000,2.9327800273895264,68194.68154180674,execute_values,35
200000,3.0347228050231934,65903.87750372195,execute_values,36
200000,2.867461919784546,69748.09277154325,execute_values,37
200000,2.8192498683929443,70940.85637538963,execute_values,38
200000,3.0724997520446777,65093.577262912586,execute_values,39
200000,2.87919545173645,69463.84965959136,execute_values,40
200000,3.390205144882202,58993.48017388172,execute_values,41
200000,2.9803311824798584,67106.63605968282,execute_values,42
200000,3.2016637325286865,62467.52210983732,execute_values,43
200000,3.1217169761657715,64067.30703872095,execute_values,44
200000,3.272301435470581,61119.06373663236,execute_values,45
200000,2.981799364089966,67073.59402131983,execute_values,46
200000,2.923487901687622,68411.43412447418,execute_values,47
200000,2.893255710601806,69126.27849212794,execute_values,48
200000,2.952570915222168,67737.57709557025,execute_values,49
200000,3.102700710296631,64459.971706674594,execute_values,50
400000,5.776079177856445,69251.12826248402,execute_values,1
400000,5.56039834022522,71937.29217317159,execute_values,2
400000,5.878904104232788,68039.8919438066,execute_values,3
400000,5.992580890655518,66749.20327295653,execute_values,4
400000,5.793301820755005,69045.25474004573,execute_values,5
400000,5.815393447875977,68782.96431449478,execute_values,6
400000,5.928967952728272,67465.36719193029,execute_values,7
400000,5.913325548171997,67643.83200983297,execute_values,8
400000,6.003933429718018,66622.99052486104,execute_values,9
400000,5.60780143737793,71329.20173204817,execute_values,10
400000,5.968677997589111,67016.51524199653,execute_values,11
400000,6.106537342071533,65503.57061507908,execute_values,12
400000,6.287951469421387,63613.72252079543,execute_values,13
400000,6.003873109817505,66623.65987481012,execute_values,14
400000,5.801294326782227,68950.1303447684,execute_values,15
400000,5.88367772102356,67984.6889931989,execute_values,16
400000,6.191839456558228,64601.15815443679,execute_values,17
400000,5.755655288696289,69496.86524583439,execute_values,18
400000,5.625739812850952,71101.75964524252,execute_values,19
400000,6.138221502304077,65165.45547433467,execute_values,20
400000,5.847622632980347,68403.86685420101,execute_values,21
400000,5.975729465484619,66937.43455261337,execute_values,22
400000,6.00761604309082,66582.15124450705,execute_values,23
400000,6.73127555847168,59424.10120123192,execute_values,24
400000,5.925044775009155,67510.03835230628,execute_values,25
400000,5.899142742156982,67806.4623087494,execute_values,26
400000,6.18539834022522,64668.43006677488,execute_values,27
400000,6.171864986419678,64810.23173386713,execute_values,28
400000,5.652247905731201,70768.30434036918,execute_values,29
400000,6.146991491317749,65072.48311063642,execute_values,30
400000,6.006408452987671,66595.53760467863,execute_values,31
400000,5.638564348220825,70940.04347511167,execute_values,32
400000,6.129067659378052,65262.780936666975,execute_values,33
400000,5.683413505554199,70380.23884925742,execute_values,34
400000,5.610585927963257,71293.80159858048,execute_values,35
400000,5.798646450042725,68981.61552806049,execute_values,36
400000,6.265313148498535,63843.57661290384,execute_values,37
400000,5.7655558586120605,69377.52574238207,execute_values,38
400000,6.0205442905426025,66439.17571179432,execute_values,39
400000,6.045977354049683,66159.6920689877,execute_values,40
400000,6.261056184768677,63886.98459104764,execute_values,41
400000,5.796972274780273,69001.53753368804,execute_values,42
400000,5.623174667358398,71134.19441191007,execute_values,43
400000,5.818563938140869,68745.4850118579,execute_values,44
400000,5.679177284240723,70432.73699343196,execute_values,45
400000,5.974808931350708,66947.74755074437,execute_values,46
400000,6.3376195430755615,63115.18027885362,execute_values,47
400000,6.008360385894775,66573.90274708552,execute_values,48
400000,5.887454986572266,67941.0714667534,execute_values,49
400000,5.882358312606812,67999.93790632195,execute_values,50
10000,0.2661623954772949,37571.047488010205,mogrify,1
10000,0.1804907321929931,55404.50680485527,mogrify,2
10000,0.2249152660369873,44461.18832305274,mogrify,3
10000,0.3405077457427978,29367.907558712304,mogrify,4
10000,0.1982395648956298,50444.0170924752,mogrify,5
10000,0.1683607101440429,59396.280708512,mogrify,6
10000,0.1737651824951172,57548.9281362853,mogrify,7
10000,0.2021405696868896,49470.52447457595,mogrify,8
10000,0.2220730781555175,45030.22195692271,mogrify,9
10000,0.1864049434661865,53646.64592070746,mogrify,10
10000,0.1803305149078369,55453.731749786144,mogrify,11
10000,0.1762928962707519,56723.78304252217,mogrify,12
10000,0.1876435279846191,53292.53882297334,mogrify,13
10000,0.2236955165863037,44703.622820003686,mogrify,14
10000,0.1528606414794922,65419.06342412937,mogrify,15
10000,0.1909825801849365,52360.79641565517,mogrify,16
10000,0.1746084690093994,57270.99067263276,mogrify,17
10000,0.2411994934082031,41459.456894779294,mogrify,18
10000,0.2189006805419922,45682.81823172166,mogrify,19
10000,0.2141938209533691,46686.68757805596,mogrify,20
10000,0.2191629409790039,45628.15207411372,mogrify,21
10000,0.1946592330932617,51371.82470666046,mogrify,22
10000,0.2312512397766113,43243.01140897666,mogrify,23
10000,0.1663482189178466,60114.86065227206,mogrify,24
10000,0.1769235134124755,56521.59968520532,mogrify,25
10000,0.185941457748413,53780.36787003378,mogrify,26
10000,0.1997160911560058,50071.07810951807,mogrify,27
10000,0.1543338298797607,64794.60794688277,mogrify,28
10000,0.2187411785125732,45716.12929947344,mogrify,29
10000,0.1676027774810791,59664.882350347165,mogrify,30
10000,0.2067704200744629,48362.81706251196,mogrify,31
10000,0.1778247356414795,56235.14616190097,mogrify,32
10000,0.2400221824645996,41662.815900254885,mogrify,33
10000,0.1767172813415527,56587.56135271436,mogrify,34
10000,0.2591171264648437,38592.586049524485,mogrify,35
10000,0.257077693939209,38898.74631583048,mogrify,36
10000,0.1738159656524658,57532.11428226551,mogrify,37
10000,0.1901247501373291,52597.04479704455,mogrify,38
10000,0.2123010158538818,47102.93052428253,mogrify,39
10000,0.8694794178009033,11501.134811554375,mogrify,40
10000,0.2067227363586425,48373.97267541503,mogrify,41
10000,0.1775166988372802,56332.72850103216,mogrify,42
10000,0.1824097633361816,54821.6269628615,mogrify,43
10000,0.1661081314086914,60201.74879576523,mogrify,44
10000,0.188795804977417,52967.27859602686,mogrify,45
10000,0.187934398651123,53210.05665686441,mogrify,46
10000,0.1865053176879882,53617.77414158976,mogrify,47
10000,0.18524169921875,53983.5255354201,mogrify,48
10000,0.2955470085144043,33835.56494199001,mogrify,49
10000,0.1782059669494629,56114.84380226102,mogrify,50
200000,2.825446605682373,70785.26969781403,mogrify,1
200000,2.755005359649658,72595.14007821499,mogrify,2
200000,2.783586263656616,71849.75820985444,mogrify,3
200000,2.800971508026123,71403.79665659016,mogrify,4
200000,2.8498637676239014,70178.79320131564,mogrify,5
200000,2.760959386825561,72438.58817856493,mogrify,6
200000,2.721776962280273,73481.40673232912,mogrify,7
200000,3.5115673542022705,56954.62448147585,mogrify,8
200000,2.718512296676636,73569.6506668367,mogrify,9
200000,2.83228611946106,70614.33469795661,mogrify,10
200000,3.167793035507202,63135.43775058448,mogrify,11
200000,2.8579697608947754,69979.74671970772,mogrify,12
200000,3.0633976459503174,65286.986253446914,mogrify,13
200000,2.775920867919922,72048.16330008204,mogrify,14
200000,2.855985403060913,70028.36911759047,mogrify,15
200000,2.8051085472106934,71298.48868018792,mogrify,16
200000,2.8332526683807373,70590.24499721169,mogrify,17
200000,2.774298906326294,72090.28542091686,mogrify,18
200000,2.824094772338867,70819.15308187883,mogrify,19
200000,2.9790053367614746,67136.50275545436,mogrify,20
200000,2.8874199390411377,69265.98978408959,mogrify,21
200000,2.756063938140869,72567.2569609949,mogrify,22
200000,2.876578092575073,69527.05386870368,mogrify,23
200000,2.8077492713928223,71231.43153761279,mogrify,24
200000,2.8798635005950928,69447.7359634136,mogrify,25
200000,2.7157905101776123,73643.38274638128,mogrify,26
200000,3.030972003936768,65985.43297009365,mogrify,27
200000,3.0983259677886963,64550.987236098284,mogrify,28
200000,2.735668182373047,73108.2816580886,mogrify,29
200000,2.733860731124878,73156.61610813209,mogrify,30
200000,2.886590480804444,69285.89328135781,mogrify,31
200000,2.8238983154296875,70824.07992780993,mogrify,32
200000,2.848266124725342,70218.15772895378,mogrify,33
200000,2.832319498062134,70613.50251510803,mogrify,34
200000,2.937019824981689,68096.23765520442,mogrify,35
200000,2.823049306869507,70845.37967981189,mogrify,36
200000,2.7630927562713623,72382.65872401935,mogrify,37
200000,2.7833213806152344,71856.59600537806,mogrify,38
200000,2.764366149902344,72349.31595695649,mogrify,39
200000,2.7475335597991943,72792.55945271044,mogrify,40
200000,2.742551326751709,72924.79745014689,mogrify,41
200000,2.8128645420074463,71101.895243511,mogrify,42
200000,2.827120780944824,70743.35180443192,mogrify,43
200000,2.795689821243286,71538.69448616332,mogrify,44
200000,3.067754983901977,65194.25477246344,mogrify,45
200000,2.89920973777771,68984.31575816352,mogrify,46
200000,3.075978755950928,65019.95490478305,mogrify,47
200000,2.954168796539306,67700.93849555658,mogrify,48
200000,2.678053379058838,74681.11037812362,mogrify,49
200000,2.900160789489746,68961.69368429671,mogrify,50
400000,5.315413236618042,75252.85094381523,mogrify,1
400000,5.360880613327026,74614.60697438574,mogrify,2
400000,5.538684129714966,72219.31972144889,mogrify,3
400000,5.500016689300537,72727.05204297659,mogrify,4
400000,5.484425783157349,72933.79759616741,mogrify,5
400000,5.38697624206543,74253.15836303658,mogrify,6
400000,5.386297464370728,74262.51569764191,mogrify,7
400000,5.432122230529785,73636.04554991552,mogrify,8
400000,5.793935775756836,69037.70001622943,mogrify,9
400000,5.540853023529053,72191.05042155295,mogrify,10
400000,5.3812949657440186,74331.5507784465,mogrify,11
400000,5.761929035186768,69421.19515136207,mogrify,12
400000,5.515847682952881,72518.31866862974,mogrify,13
400000,5.257833003997803,76076.96929435745,mogrify,14
400000,5.641959428787232,70897.35490813022,mogrify,15
400000,5.837738990783691,68519.6787029188,mogrify,16
400000,5.6533966064453125,70753.92509062054,mogrify,17
400000,5.90027379989624,67793.46409433309,mogrify,18
400000,5.949009895324707,67238.07945156684,mogrify,19
400000,5.612948656082153,71263.79101411568,mogrify,20
400000,5.580033302307129,71684.15999141356,mogrify,21
400000,5.597342014312744,71462.49040654933,mogrify,22
400000,5.788705348968506,69100.07953182075,mogrify,23
400000,5.371550559997559,74466.393927079,mogrify,24
400000,5.982464551925659,66862.07607719906,mogrify,25
400000,5.501865386962891,72702.61481639153,mogrify,26
400000,5.9033308029174805,67758.35767196314,mogrify,27
400000,5.451812028884888,73370.10114815274,mogrify,28
400000,5.423918008804321,73747.42747783133,mogrify,29
400000,5.88140869140625,68010.91727981238,mogrify,30
400000,5.803775787353516,68920.65004847429,mogrify,31
400000,5.477860927581787,73021.20394950968,mogrify,32
400000,5.674556732177734,70490.08739868415,mogrify,33
400000,5.537455320358276,72235.34581478479,mogrify,34
400000,5.43510365486145,73595.65252122072,mogrify,35
400000,5.772315502166748,69296.28150953502,mogrify,36
400000,5.497776031494141,72756.69247139034,mogrify,37
400000,5.952114820480347,67203.00465704377,mogrify,38
400000,5.577740430831909,71713.62758097023,mogrify,39
400000,5.419776439666748,73803.78221368024,mogrify,40
400000,5.472504854202271,73092.67157485384,mogrify,41
400000,5.393182277679443,74167.71386635024,mogrify,42
400000,5.450599193572998,73386.4270320325,mogrify,43
400000,5.528022527694702,72358.60526907226,mogrify,44
400000,5.797357559204102,68996.9517862401,mogrify,45
400000,5.923891544342041,67523.18083575372,mogrify,46
400000,5.6182074546813965,71197.08612160596,mogrify,47
400000,5.465425729751587,73187.3452826484,mogrify,48
400000,5.818648099899292,68744.49066732926,mogrify,49
400000,5.569787502288818,71816.02526768322,mogrify,50
10000,0.5603668689727783,17845.451888208943,stringIO,1
10000,0.1230123043060302,81292.68089411591,stringIO,2
10000,0.107285737991333,93209.03399860884,stringIO,3
10000,0.1400935649871826,71380.86607272015,stringIO,4
10000,0.1149942874908447,86960.84143132892,stringIO,5
10000,0.0904600620269775,110546.02192310836,stringIO,6
10000,0.1361777782440185,73433.42011411644,stringIO,7
10000,0.1008076667785644,99198.8042136333,stringIO,8
10000,0.1841628551483154,54299.76632337996,stringIO,9
10000,0.1051661968231201,95087.58804712776,stringIO,10
10000,0.096869945526123,103231.19256119832,stringIO,11
10000,0.1005725860595703,99430.67382275408,stringIO,12
10000,0.09712815284729,102956.7608036624,stringIO,13
10000,0.1288819313049316,77590.39532345487,stringIO,14
10000,0.0687780380249023,145395.24951815748,stringIO,15
10000,0.1131403446197509,88385.80113582485,stringIO,16
10000,0.1828482151031494,54690.170173981416,stringIO,17
10000,0.2022686004638672,49439.21091591464,stringIO,18
10000,0.1044340133666992,95754.24402093016,stringIO,19
10000,0.2083280086517334,48001.22683799673,stringIO,20
10000,0.103492259979248,96625.58342049124,stringIO,21
10000,0.1553194522857666,64383.43589830181,stringIO,22
10000,0.1203620433807373,83082.67057553458,stringIO,23
10000,0.1405646800994873,71141.62670823361,stringIO,24
10000,0.1814799308776855,55102.51162008561,stringIO,25
10000,0.1166820526123046,85702.98324478953,stringIO,26
10000,0.1162488460540771,86022.35927011402,stringIO,27
10000,0.1175346374511718,85081.30213235533,stringIO,28
10000,0.1557493209838867,64205.73737868536,stringIO,29
10000,0.1463162899017334,68345.08998769747,stringIO,30
10000,0.1890254020690918,52902.94262326098,stringIO,31
10000,0.2148926258087158,46534.868110836826,stringIO,32
10000,0.1305935382843017,76573.46704421185,stringIO,33
10000,0.1746737957000732,57249.571751281335,stringIO,34
10000,0.1309046745300293,76391.4660488768,stringIO,35
10000,0.1180188655853271,84732.21590805787,stringIO,36
10000,0.1089673042297363,91770.64689897207,stringIO,37
10000,0.0850293636322021,117606.43115307076,stringIO,38
10000,0.119835615158081,83447.64606756103,stringIO,39
10000,0.1046419143676757,95564.00091136934,stringIO,40
10000,0.2015156745910644,49623.93134079019,stringIO,41
10000,0.3012652397155761,33193.341553247155,stringIO,42
10000,0.135230541229248,73947.7924816378,stringIO,43
10000,0.1624619960784912,61552.85692272697,stringIO,44
10000,0.1881587505340576,53146.611420498106,stringIO,45
10000,0.1321873664855957,75650.19461288449,stringIO,46
10000,0.0880403518676757,113584.28025174128,stringIO,47
10000,0.1537599563598632,65036.43885405232,stringIO,48
10000,0.1557376384735107,64210.55371082239,stringIO,49
10000,0.1220922470092773,81905.2826445248,stringIO,50
200000,0.94431734085083,211793.20907079813,stringIO,1
200000,0.9071524143218994,220470.11818791323,stringIO,2
200000,0.9942941665649414,201147.71535968487,stringIO,3
200000,0.9501447677612304,210494.23917920224,stringIO,4
200000,0.955986738204956,209207.9230884912,stringIO,5
200000,1.0697739124298096,186955.39092529748,stringIO,6
200000,0.90728759765625,220437.26875210225,stringIO,7
200000,0.9975345134735109,200494.3160348216,stringIO,8
200000,0.7717921733856201,259137.11863993143,stringIO,9
200000,1.0889251232147217,183667.3575953144,stringIO,10
200000,1.0440409183502195,191563.3731252961,stringIO,11
200000,1.0428318977355957,191785.4645933633,stringIO,12
200000,0.974599838256836,205212.42888539663,stringIO,13
200000,0.976130485534668,204890.6400976213,stringIO,14
200000,0.9653584957122804,207176.9201683277,stringIO,15
200000,0.8597598075866699,232623.10965826185,stringIO,16
200000,0.939396858215332,212902.56428998537,stringIO,17
200000,1.0576770305633545,189093.64032749512,stringIO,18
200000,0.8575606346130371,233219.6604269824,stringIO,19
200000,1.0374958515167236,192771.8551429564,stringIO,20
200000,0.8178439140319824,244545.44023442944,stringIO,21
200000,1.48394775390625,134775.63443425327,stringIO,22
200000,0.8507297039031982,235092.296745239,stringIO,23
200000,0.9511950016021729,210261.82818783133,stringIO,24
200000,0.8671281337738037,230646.4203042124,stringIO,25
200000,0.9710309505462646,205966.65831041505,stringIO,26
200000,1.0095722675323486,198103.6983997697,stringIO,27
200000,0.8459470272064209,236421.4230534765,stringIO,28
200000,0.9249815940856934,216220.5186338781,stringIO,29
200000,1.042591571807861,191829.6727194893,stringIO,30
200000,0.9778432846069336,204531.75181378328,stringIO,31
200000,0.9811487197875975,203842.6957773503,stringIO,32
200000,0.8488113880157471,235623.60593150952,stringIO,33
200000,0.9340898990631104,214112.15365951337,stringIO,34
200000,0.8539068698883057,234217.5792849176,stringIO,35
200000,0.9212856292724608,217087.94064001623,stringIO,36
200000,0.8599696159362793,232566.35617556435,stringIO,37
200000,0.8738129138946533,228881.9458030028,stringIO,38
200000,1.1483113765716553,174168.78738684158,stringIO,39
200000,0.9117238521575928,219364.6678505782,stringIO,40
200000,0.926659345626831,215829.0432658526,stringIO,41
200000,1.0016698837280271,199666.5800269821,stringIO,42
200000,0.9415528774261476,212415.04836852607,stringIO,43
200000,1.165740966796875,171564.70064661378,stringIO,44
200000,0.7814154624938965,255945.7927306656,stringIO,45
200000,1.7447078227996826,114632.37419264032,stringIO,46
200000,0.8829631805419922,226510.0112976776,stringIO,47
200000,0.9333212375640868,214288.49141158315,stringIO,48
200000,1.0098474025726318,198049.7246321484,stringIO,49
200000,0.9554159641265868,209332.9057808178,stringIO,50
400000,1.8136849403381348,220545.4713239368,stringIO,1
400000,1.9532182216644287,204790.2254665335,stringIO,2
400000,2.5800557136535645,155035.41178712304,stringIO,3
400000,1.995055675506592,200495.6577958309,stringIO,4
400000,1.7844586372375488,224157.61937705908,stringIO,5
400000,2.0588178634643555,194286.24896761065,stringIO,6
400000,1.8043622970581048,221684.9690620192,stringIO,7
400000,2.1549856662750244,185616.08379113508,stringIO,8
400000,1.6817049980163574,237853.8450393006,stringIO,9
400000,1.602999210357666,249532.2501816772,stringIO,10
400000,1.7726426124572754,225651.8021111494,stringIO,11
400000,2.4649813175201416,162273.03515728636,stringIO,12
400000,1.8137893676757808,220532.77361117536,stringIO,13
400000,1.8635728359222408,214641.4630486116,stringIO,14
400000,1.7444982528686523,229292.29040054363,stringIO,15
400000,1.6854240894317627,237328.9918591701,stringIO,16
400000,1.865018367767334,214475.09950202328,stringIO,17
400000,1.8185677528381348,219953.31181680903,stringIO,18
400000,1.8399221897125244,217400.49782349617,stringIO,19
400000,1.744288444519043,229319.87037860183,stringIO,20
400000,1.8766138553619385,213149.87036736595,stringIO,21
400000,1.6507604122161863,242312.57124890108,stringIO,22
400000,1.7197937965393066,232586.0232807613,stringIO,23
400000,1.7911970615386963,223314.3458020119,stringIO,24
400000,3.210096597671509,124606.8421399362,stringIO,25
400000,1.7624735832214355,226953.75624801315,stringIO,26
400000,1.6725611686706543,239154.18311302696,stringIO,27
400000,1.89941668510437,210590.96886790832,stringIO,28
400000,1.8209269046783447,219668.34526543363,stringIO,29
400000,1.7816824913024902,224506.89275594888,stringIO,30
400000,2.531144142150879,158031.30028781918,stringIO,31
400000,1.6421246528625488,243586.867356702,stringIO,32
400000,1.770216703414917,225961.0358598254,stringIO,33
400000,2.1405277252197266,186869.80564988463,stringIO,34
400000,1.706892728805542,234343.95920118192,stringIO,35
400000,1.7138404846191406,233393.9497810908,stringIO,36
400000,2.684731721878052,148990.67818969555,stringIO,37
400000,1.6859638690948486,237253.0084021017,stringIO,38
400000,1.9592971801757808,204154.83881016631,stringIO,39
400000,1.7577650547027588,227561.6976966473,stringIO,40
400000,2.3421216011047363,170785.32549775692,stringIO,41
400000,1.7721600532531738,225713.2470996148,stringIO,42
400000,1.9710850715637207,202933.90973869435,stringIO,43
400000,1.8507423400878904,216129.4910349348,stringIO,44
400000,1.859752178192139,215082.42049155128,stringIO,45
400000,1.8615140914916992,214878.846111482,stringIO,46
400000,2.069605588912964,193273.5406895066,stringIO,47
400000,1.8901262283325195,211626.077668306,stringIO,48
400000,1.828406572341919,218769.72334859805,stringIO,49
400000,1.7387197017669678,230054.33227305207,stringIO,50
